{"products":[{"id":"0.7297977581559183","qty":1}],"totalPrice":10.97999999999999}